psi_al,false_alarm_rate,detection_rate
-inf,0.0,0.0
0.001118754528442598,0.0,5.346164127238706e-05
0.0760626373657255,0.0,0.0028334669874365143
0.09358480914575164,0.0,0.0056134723336006415
0.1068596427226741,0.0,0.008393477679764769
0.11534730226746298,0.0,0.011173483025928896
0.1219531973849881,0.0,0.01400695001336541
0.12757938312080744,0.0,0.016786955359529537
0.1317906228570969,0.0,0.019566960705693665
0.13743367259362918,0.0,0.02234696605185779
0.14106215189506086,0.0,0.025180433039294306
0.1450405201762061,0.0,0.027960438385458433
0.1485995230511766,0.0,0.03074044373162256
0.1524441606338737,0.0,0.03352044907778669
0.15637339437323647,0.0,0.0363539160652232
0.1598504975067276,0.0,0.03913392141138733
0.16271252290026272,0.0,0.041913926757551456
0.16570329105427384,0.0,0.04469393210371558
0.16802171906240257,0.0,0.0475273990911521
0.17049466282962744,0.0,0.050307404437316225
0.172583482650695,0.0,0.05308740978348035
0.175634005830267,0.0,0.05586741512964448
0.17810579296680362,0.0,0.058700882117080994
0.18022991939805186,0.0,0.06148088746324512
0.182124373210166,0.0,0.06426089280940925
0.18413812519546377,0.0,0.06704089815557338
0.18583456404161258,0.0,0.06987436514300989
0.18802887225380135,0.0,0.07265437048917402
0.19037016278758043,0.0,0.07543437583533814
0.19259881624208458,0.0,0.07821438118150227
0.194394270992456,0.0,0.08104784816893879
0.19644625741713165,0.0,0.08382785351510291
0.19823780220770915,0.0,0.08660785886126704
0.20014166534851074,0.0,0.08938786420743117
0.20256265155708564,0.0,0.09222133119486768
0.20392147429651983,0.0,0.09500133654103181
0.2056152509382935,0.0,0.09778134188719594
0.2076861704605726,0.0,0.10056134723336006
0.2094432836829448,0.0,0.10334135257952419
0.2109369892903662,0.0,0.1061748195669607
0.2127240409219153,0.0,0.10895482491312483
0.21406232359361596,0.0,0.11173483025928896
0.21604522685628613,0.0,0.11451483560545309
0.2174180372792959,0.0,0.1173483025928896
0.21932114920209364,0.0,0.12012830793905373
0.220584319205706,0.0,0.12290831328521785
0.22221807710341537,0.0,0.125688318631382
0.2235265523311584,0.0,0.1285217856188185
0.22533688880757635,0.0,0.13130179096498262
0.22712830527053174,0.00012512512512512512,0.13402833466987438
0.2285606131795412,0.00012512512512512512,0.1368083400160385
0.23001774556875618,0.00012512512512512512,0.139641807003475
0.23161800239315597,0.00012512512512512512,0.14242181234963913
0.23291450165631103,0.00012512512512512512,0.14520181769580326
0.2341976253102525,0.00012512512512512512,0.1480352846832398
0.23557895036343274,0.00012512512512512512,0.15081529002940391
0.23696831216130693,0.00012512512512512512,0.15359529537556804
0.2382039128246562,0.00012512512512512512,0.15637530072173217
0.2396742998856017,0.00012512512512512512,0.1591553060678963
0.24098488865257364,0.00012512512512512512,0.1619887730553328
0.24242695072879092,0.00012512512512512512,0.16476877840149692
0.24372177965885009,0.00012512512512512512,0.16754878374766105
0.2453199499258338,0.00012512512512512512,0.17032878909382518
0.24655071196705428,0.00012512512512512512,0.1731622560812617
0.24800048302399244,0.00012512512512512512,0.17594226142742583
0.24963724645052912,0.00012512512512512512,0.17872226677358996
0.2511760285684969,0.00012512512512512512,0.1815022721197541
0.2522220471732216,0.00012512512512512512,0.1843357391071906
0.2536802012770905,0.00012512512512512512,0.18711574445335472
0.25511285507623044,0.00012512512512512512,0.18989574979951884
0.2567347822031862,0.00012512512512512512,0.19267575514568297
0.25778789915914874,0.00012512512512512512,0.1954557604918471
0.2592361105899794,0.00025025025025025025,0.19823576583801122
0.26053966994555006,0.00025025025025025025,0.20101577118417535
0.2617246164682834,0.00025025025025025025,0.20379577653033948
0.2629966693156866,0.00025025025025025025,0.2065757818765036
0.26403236521367174,0.00025025025025025025,0.20940924886394013
0.2653570381645056,0.00025025025025025025,0.21218925421010426
0.2665714473872644,0.00025025025025025025,0.2149692595562684
0.26778109436143305,0.00025025025025025025,0.21774926490243252
0.26905436419071893,0.00025025025025025025,0.22058273188986902
0.27026608518506673,0.00025025025025025025,0.22336273723603314
0.2716657342102858,0.00025025025025025025,0.22614274258219727
0.27280663029420965,0.00025025025025025025,0.2289227479283614
0.2738259630492961,0.00025025025025025025,0.23175621491579793
0.2750492350352402,0.00025025025025025025,0.23453622026196205
0.276250636671915,0.00025025025025025025,0.23731622560812618
0.2773646525606705,0.00025025025025025025,0.2400962309542903
0.278309111701694,0.00025025025025025025,0.2429296979417268
0.2796508345686119,0.00025025025025025025,0.24570970328789093
0.2808347484765407,0.00037537537537537537,0.2484362469927827
0.28203993004178135,0.00037537537537537537,0.2512162523389468
0.2831728885767214,0.00037537537537537537,0.2540497193263833
0.2845789742111953,0.00037537537537537537,0.25682972467254744
0.2857912818543644,0.00037537537537537537,0.25960973001871157
0.28684874229016066,0.00037537537537537537,0.2623897353648757
0.287873559400882,0.00037537537537537537,0.2652232023523122
0.2888101031726694,0.00037537537537537537,0.26800320769847635
0.28965565633229917,0.00037537537537537537,0.2707832130446405
0.29080181554992424,0.00037537537537537537,0.2735632183908046
0.29169017524336666,0.00037537537537537537,0.27639668537824114
0.2925156931252994,0.00037537537537537537,0.27917669072440526
0.29391897095025776,0.00037537537537537537,0.2819566960705694
0.2950453690984975,0.00037537537537537537,0.2847367014167335
0.2959143634284367,0.00037537537537537537,0.28751670676289764
0.29709518861188305,0.00037537537537537537,0.2903501737503341
0.29814336820181003,0.00037537537537537537,0.29313017909649824
0.2992371298742128,0.0005005005005005005,0.29585672280139
0.3003492744862388,0.0005005005005005005,0.29863672814755415
0.3015484340851671,0.0005005005005005005,0.3014701951349906
0.30253093752949595,0.0005005005005005005,0.30425020048115475
0.3038091627931615,0.0006256256256256256,0.30697674418604654
0.3049115182879082,0.0006256256256256256,0.30975674953221066
0.3062223676093659,0.0007507507507507507,0.3125367548783748
0.30762996752057103,0.0007507507507507507,0.3153167602245389
0.30875065309980804,0.0007507507507507507,0.31809676557070304
0.309663062114074,0.0007507507507507507,0.32087677091686717
0.3106195777746373,0.0007507507507507507,0.32371023790430364
0.3116465737317025,0.0007507507507507507,0.32649024325046777
0.31262532386253516,0.0007507507507507507,0.3292702485966319
0.31383353480267157,0.0008758758758758759,0.3319967923015237
0.31477853914433934,0.001001001001001001,0.3347767976476878
0.31591432762376215,0.0011261261261261261,0.33750334135257953
0.31675797806498607,0.0011261261261261261,0.34028334669874366
0.31809934690578356,0.0011261261261261261,0.3430633520449078
0.3189752662539058,0.0012512512512512512,0.3458433573910719
0.32017801195790213,0.0012512512512512512,0.34862336273723604
0.32140448556301787,0.0012512512512512512,0.35140336808340017
0.3225193410288966,0.0013763763763763764,0.3541299117882919
0.32343720550952937,0.0013763763763763764,0.3569633787757284
0.32463551045908834,0.0013763763763763764,0.35974338412189255
0.3258754305575374,0.0016266266266266266,0.3624164661855119
0.32701452781236945,0.0016266266266266266,0.365196471531676
0.3280096699816713,0.0016266266266266266,0.36802993851911253
0.3292507203856236,0.0016266266266266266,0.37080994386527666
0.3303483109196896,0.0017517517517517517,0.3735364875701684
0.3314788036200543,0.0017517517517517517,0.3763164929163325
0.33251054955480525,0.0017517517517517517,0.37914995990376904
0.3337833257993267,0.0017517517517517517,0.38192996524993317
0.3349686725825772,0.0018768768768768769,0.3846565089548249
0.3360549481057976,0.0018768768768768769,0.387436514300989
0.3372782697913433,0.0022522522522522522,0.390056134723336
0.3381143449940801,0.0023773773773773776,0.39283614006950013
0.33909360070059386,0.002627627627627628,0.3955092221331195
0.33986315588999744,0.0027527527527527527,0.39823576583801124
0.3406947981233922,0.0027527527527527527,0.40101577118417536
0.34177928049444983,0.002877877877877878,0.4037957765303395
0.34280302338226304,0.002877877877877878,0.4065757818765036
0.3438279768358192,0.002877877877877878,0.40935578722266774
0.34475997556790494,0.002877877877877878,0.41213579256883187
0.3456545157550325,0.0032532532532532532,0.4148088746324512
0.34667953239993005,0.0032532532532532532,0.4175888799786153
0.3477944538572081,0.0032532532532532532,0.42036888532477945
0.3487960945408872,0.0032532532532532532,0.4231488906709436
0.34990286391961084,0.0032532532532532532,0.4259823576583801
0.35089663344252636,0.0033783783783783786,0.42870890136327183
0.35186050959751797,0.0035035035035035035,0.4314354450681636
0.35297069445094875,0.0035035035035035035,0.43421545041432774
0.35377039603410493,0.003628628628628629,0.43699545576049187
0.3546482771881929,0.0037537537537537537,0.4397219994653836
0.3555582406249402,0.003878878878878879,0.4424485431702753
0.3566080966711065,0.004004004004004004,0.44517508687516705
0.3576170889491383,0.004129129129129129,0.4479550922213312
0.3585111416803797,0.004254254254254255,0.45068163592622296
0.3599819027555761,0.0045045045045045045,0.4533547179898423
0.36095265838593,0.004629629629629629,0.456081261694734
0.36210070320620164,0.004629629629629629,0.45891472868217054
0.3630765999236224,0.004754754754754755,0.46164127238706226
0.36423088774313866,0.00487987987987988,0.46436781609195404
0.3652349328198665,0.00487987987987988,0.46714782143811817
0.3661954908363727,0.005255255255255256,0.4698209035017375
0.3671921730762708,0.0053803803803803806,0.4725474472066292
0.3680563108392339,0.00563063063063063,0.4752205292702486
0.3690313968155458,0.005880880880880881,0.47789361133386793
0.3702823695689205,0.006131131131131131,0.4805666933974873
0.3712002628462049,0.006131131131131131,0.48340016038492384
0.3723988162865423,0.006756756756756757,0.485912857524726
0.3733972060266792,0.006881881881881882,0.48863940122961774
0.37429158407377705,0.007007007007007007,0.49136594493450947
0.3751691764403938,0.007257257257257258,0.49409248863940125
0.37612852083544895,0.007257257257257258,0.4968724939855654
0.3770967811189637,0.007257257257257258,0.4996524993317295
0.3782056673143744,0.0073823823823823825,0.5023790430366212
0.3791828791140595,0.007632632632632632,0.505105586741513
0.38019885718214663,0.007882882882882882,0.5077786688051323
0.3810534365299223,0.007882882882882882,0.5105586741512964
0.3821634356795571,0.008008008008008008,0.5132852178561882
0.3831363494873621,0.008008008008008008,0.5161186848436247
0.3844093125648616,0.008258258258258258,0.518791766907244
0.38521916321376715,0.00850850850850851,0.5214648489708634
0.3861677177123815,0.008758758758758759,0.5241379310344828
0.3871288549096732,0.008883883883883883,0.5269179363806469
0.388090223720783,0.009134134134134135,0.5295910184442663
0.38891053605181364,0.009384384384384385,0.5322641005078856
0.3899695811506777,0.00975975975975976,0.5348837209302325
0.3910013663252129,0.00975975975975976,0.5377171879176691
0.39209679842305545,0.009884884884884884,0.5404437316225608
0.393178241033398,0.01001001001001001,0.5431702753274525
0.39452436013273845,0.01001001001001001,0.5459502806736167
0.39571655757235735,0.010135135135135136,0.5487302860197808
0.39661916026672256,0.010385385385385386,0.5514033680834002
0.3973317460996268,0.010760760760760761,0.5540229885057472
0.3983417325862338,0.011136136136136137,0.5566426089280941
0.39923632378770696,0.011511511511511512,0.5593156909917134
0.4002505102101157,0.011761761761761762,0.5619887730553328
0.40163623031184753,0.012012012012012012,0.5646618551189522
0.4024017649950121,0.012262262262262262,0.5673349371825716
0.403540473025744,0.012512512512512513,0.5700080192461908
0.40464520283116423,0.012762762762762763,0.5727345629510826
0.405550130854591,0.013013013013013013,0.575407645014702
0.4065603462439127,0.013263263263263263,0.5780807270783213
0.40738141802768585,0.013638638638638638,0.5807003475006682
0.40851635643073686,0.014014014014014014,0.5833734295642876
0.40983474002722176,0.014014014014014014,0.5861534349104518
0.41078379339056004,0.01463963963963964,0.588666132050254
0.41174727746774703,0.014889889889889889,0.5913392141138732
0.41260481733245846,0.015265265265265265,0.5940122961774926
0.41384022055901787,0.015640640640640642,0.5966319165998396
0.41493968295873956,0.01614114114114114,0.5991980753809142
0.41579738129340127,0.016266266266266267,0.601924619085806
0.4165954669816967,0.016891891891891893,0.6044907778668805
0.4174246302592869,0.017267267267267267,0.6071103982892275
0.4184556912481132,0.017767767767767766,0.6096765570703021
0.41939817668190527,0.018143143143143144,0.612296177492649
0.4204176648462302,0.018518518518518517,0.6149692595562684
0.4214743588292789,0.01926926926926927,0.6174284950547981
0.42233912963539033,0.01976976976976977,0.6199946538358727
0.42334717512305575,0.020395395395395394,0.622507350975675
0.42438842094122275,0.020895895895895897,0.6251269713980219
0.4254200536140785,0.021521521521521522,0.6276396685378242
0.4265554328473287,0.021896896896896896,0.630259288960171
0.4276157808534627,0.022022022022022022,0.6329858326650628
0.42865736745024763,0.022647647647647647,0.6355519914461374
0.42968611451334426,0.023148148148148147,0.638118150227212
0.4307507397018174,0.02364864864864865,0.6406843090082865
0.4316075686007133,0.02364864864864865,0.6434643143544507
0.43243665673389114,0.023898898898898898,0.6461908580593424
0.43331315878812227,0.024524524524524523,0.6487035551991446
0.43443186876027995,0.025025025025025027,0.6512697139802192
0.4353897080632273,0.025525525525525526,0.6538358727612937
0.4364254476144575,0.025775775775775774,0.6565089548249131
0.4374724742703499,0.02615115115115115,0.6592354985298049
0.4386951123974595,0.026401401401401403,0.6618551189521519
0.43955624196334186,0.026776776776776777,0.6644747393744987
0.4405553215468336,0.027652652652652654,0.6668805132317562
0.44151392038523596,0.028153153153153154,0.6695001336541032
0.4425418120878386,0.028653653653653653,0.6720662924351778
0.443574595758153,0.02902902902902903,0.6746859128575248
0.44468367776283674,0.029779779779779778,0.6771451483560545
0.4455973297335949,0.030655655655655655,0.6796043838545843
0.44683079698782385,0.031031031031031032,0.6822240042769313
0.44789038287125993,0.031281281281281284,0.6848970863405507
0.44889701587607067,0.03190690690690691,0.6874097834803529
0.4496969266488238,0.032407407407407406,0.6900294039026998
0.4507567757931423,0.03303303303303303,0.692542101042502
0.45195814288454755,0.033533533533533534,0.6951082598235766
0.4529462242299069,0.03428428428428428,0.6975674953221064
0.4541979343949439,0.03516016016016016,0.7000267308206362
0.45503060638682763,0.03591091091091091,0.702485966319166
0.4561436225141783,0.03678678678678678,0.7048917401764234
0.4571167337381251,0.03691191191191191,0.7076182838813152
0.4582934855391555,0.03778778778778779,0.710077519379845
0.4592873846289473,0.038413413413413415,0.7125902165196472
0.4603038204787543,0.039664664664664666,0.7148356054530874
0.4613530391480784,0.04029029029029029,0.7173483025928896
0.4624071814570398,0.04104104104104104,0.7198609997326918
0.4635488816991005,0.041791791791791794,0.7223202352312216
0.4647194407455097,0.04279279279279279,0.7246725474472067
0.465779184387648,0.04354354354354354,0.7271317829457364
0.46681725392999024,0.044169169169169166,0.729697941726811
0.4675617249055984,0.04479479479479479,0.7322106388666132
0.46858305055297766,0.04517017017017017,0.7348302592889602
0.4696319942826591,0.04567067067067067,0.7373964180700348
0.4705599841266714,0.046296296296296294,0.7399625768511093
0.47140595529721924,0.0472972972972973,0.7423148890670943
0.4723615604313652,0.04842342342342342,0.744613739641807
0.4732872978599943,0.04954954954954955,0.7469125902165197
0.47429889505377026,0.0503003003003003,0.7493718257150495
0.4752740951751546,0.05155155155155155,0.7516706762897621
0.4762839284787413,0.052802802802802806,0.7539160652232023
0.4774000504824539,0.05455455455455455,0.7559476075915531
0.47830470508689704,0.055805805805805804,0.7581929965249933
0.47919152351654165,0.05668168168168168,0.7606522320235232
0.48046813697281765,0.057307307307307306,0.7631649291633253
0.48152939521597143,0.058308308308308306,0.7655172413793103
0.48256281045424665,0.058683683683683686,0.7681368618016573
0.4837752294232482,0.05980980980980981,0.7704891740176424
0.4846781338876024,0.06043543543543543,0.7730018711574446
0.48599781199188613,0.06118618618618619,0.7754611066559743
0.487374791000509,0.062062062062062065,0.7778668805132317
0.48857014923879616,0.0631881881881882,0.7802191927292168
0.48972263142063527,0.06431431431431431,0.7825180433039294
0.4908917535479824,0.0656906906906907,0.7847099705960973
0.491870201001151,0.06656656656656657,0.7871157444533547
0.49307981228555003,0.06806806806806807,0.7893076717455226
0.49413119035810193,0.06881881881881882,0.7917669072440524
0.49518259978674867,0.06994494494494495,0.794065757818765
0.49591439547885274,0.07082082082082082,0.7964715316760225
0.49684171357787144,0.07157157157157157,0.7989842288158246
0.4978691586915158,0.07257257257257257,0.8013365410318096
0.4989672270861758,0.07394894894894895,0.8035284683239775
0.5000463458812572,0.0752002002002002,0.8057738572574178
0.5011636840395323,0.07645145145145145,0.8080727078321305
0.5023170392736227,0.0787037037037037,0.8098904036353916
0.5031171878988493,0.08008008008008008,0.8120823309275594
0.5041559351387834,0.08095595595595595,0.8144881047848169
0.5050989506351997,0.08220720720720721,0.8167869553595295
0.5060103284026863,0.08383383383383383,0.8188719593691526
0.5068906533296703,0.0852102102102102,0.8210638866613205
0.5079455628220996,0.08633633633633633,0.8233627372360331
0.5089751739562884,0.08746246246246246,0.8256615878107458
0.5098987901699147,0.08921421421421422,0.8277465918203689
0.5109502218444032,0.09109109109109109,0.8297246725474472
0.5118528761783911,0.09271771771771772,0.8318096765570703
0.5130349167412811,0.09371871871871872,0.8341619887730554
0.5140133858200073,0.0945945945945946,0.8366212242715851
0.5149288258410625,0.09622122122122122,0.8387062282812082
0.5161884470681336,0.09847347347347347,0.8405239240844694
0.5174192722305749,0.09984984984984985,0.8427158513766373
0.5186720029610032,0.10072572572572573,0.8451750868751671
0.5199491013922839,0.10272772772772773,0.847099705960973
0.5209150984883909,0.10447947947947948,0.8491312483293237
0.5221208308637961,0.10585585585585586,0.8513231756214916
0.5234195323159632,0.10735735735735735,0.8535151029136594
0.5249306186834124,0.10810810810810811,0.8559743384121893
0.5263362088669722,0.10985985985985985,0.85800588078054
0.5273976438182959,0.11136136136136136,0.8601443464314354
0.5283878339880079,0.11323823823823824,0.8621758887997861
0.5297589838362382,0.11486486486486487,0.8642608928094092
0.5310081224241627,0.11661661661661661,0.86629243517776
0.5328729746461253,0.11836836836836837,0.8683239775461107
0.5339823357413123,0.1194944944944945,0.8706762897620957
0.5354265996727997,0.12124624624624625,0.8727078321304464
0.5364499674720065,0.12237237237237238,0.875006682705159
0.5375745204922153,0.12374874874874875,0.8771986099973269
0.5391850490518575,0.12462462462462462,0.8796578454958567
0.5405905626690706,0.12612612612612611,0.8817963111467522
0.5419096168932306,0.1275025025025025,0.88398823843892
0.5433358379830029,0.129004004004004,0.8861267040898155
0.5447308842917489,0.1305055055055055,0.8883186313819834
0.5457909041281676,0.13238238238238237,0.8902967121090617
0.5469108648225824,0.13413413413413414,0.8923282544774125
0.5481287600381145,0.136011011011011,0.8943063352044908
0.5494405978421765,0.13813813813813813,0.8961774926490244
0.5508285494326827,0.13976476476476477,0.8983159582999198
0.5520936874407659,0.14226726726726727,0.9000267308206362
0.5536785126136807,0.14514514514514515,0.9015771184175354
0.5553076539371528,0.14677177177177178,0.9036621224271585
0.5567296507694972,0.14914914914914915,0.9054798182304197
0.557753029585188,0.15115115115115116,0.9074044373162256
0.5595966589356125,0.15252752752752752,0.9095963646083934
0.5614584754764538,0.1549049049049049,0.9113605987703822
0.5628982125755918,0.15653153153153154,0.9134990644212777
0.5641642316249015,0.15853353353353353,0.9155840684309008
0.5656872831589991,0.16003503503503502,0.9175621491579792
0.5669511123293222,0.16203703703703703,0.9194867682437851
0.5686401628048533,0.1639139139139139,0.9215183106121357
0.5698689282314647,0.16554054054054054,0.9236033146217589
0.5716522978654759,0.16716716716716717,0.925688318631382
0.5731621555620595,0.16854354354354353,0.9278802459235499
0.5749423560484497,0.17104604604604604,0.9296444800855386
0.5765969568998668,0.17304804804804805,0.9315690991713446
0.5780862075873371,0.1742992992992993,0.9338144881047848
0.579730926875039,0.17617617617617617,0.9357925688318631
0.5809300518600732,0.1783033033033033,0.9377171879176691
0.5823705365644724,0.1803053053053053,0.939641807003475
0.5843923408467926,0.18255755755755756,0.9414595028067362
0.5861709101951899,0.18405905905905906,0.9435979684576317
0.588037318490891,0.1856856856856857,0.9457364341085271
0.5900227004513181,0.18806306306306306,0.9475006682705159
0.5916118962832754,0.19044044044044045,0.9492649024325047
0.5934225185635564,0.19244244244244244,0.9511895215183106
0.5955007375718954,0.1946946946946947,0.9531141406041166
0.5971665591555738,0.19732232232232233,0.9547179898422882
0.598598636156762,0.20007507507507508,0.9563218390804598
0.6005411365065646,0.2020770770770771,0.9582464581662657
0.6027553275864276,0.20482982982982983,0.9598503074044373
0.6058948449600108,0.2070820820820821,0.9617214648489708
0.6085691406571393,0.2095845845845846,0.9634322373696872
0.6108058301185255,0.21246246246246248,0.9649826249665865
0.6131402695168494,0.21509009009009009,0.9666399358460305
0.6155709126384779,0.21846846846846846,0.9680299385191126
0.61797767043654,0.22184684684684686,0.9693664795509223
0.6204806957506648,0.22497497497497498,0.9708099438652766
0.6237845666894016,0.22822822822822822,0.9721999465383587
0.6267633610054675,0.23123123123123124,0.9737503341352579
0.6297424782465069,0.2346096096096096,0.9750868751670676
0.6329950543709476,0.23786286286286287,0.9764768778401497
0.6359220545945713,0.2414914914914915,0.9777064955894146
0.6390421180989021,0.24512012012012013,0.9789895749799519
0.64220507816509,0.24912412412412413,0.9800588078053997
0.6451375221845332,0.253003003003003,0.9811815022721198
0.6486200847812735,0.25713213213213215,0.9821972734562952
0.6515433640266339,0.2613863863863864,0.9832130446404704
0.654785169539615,0.26651651651651653,0.9838011226944667
0.6573802029367807,0.2711461461461461,0.9846030473135525
0.6604521687532328,0.27602602602602605,0.9852980486500935
0.6640710608678263,0.2814064064064064,0.9858326650628174
0.6670194381825673,0.28566066066066065,0.9867949746057204
0.669481677055168,0.2909159159159159,0.9873295910184443
0.6728998657216092,0.2964214214214214,0.9877572841486234
0.676072372005571,0.30255255255255253,0.9879711307137129
0.6784484281856759,0.30793293293293295,0.9884522854851644
0.6808611974322447,0.31318818818818817,0.9889869018978883
0.6840054838420239,0.3194444444444444,0.989093825180433
0.6863790002418149,0.32545045045045046,0.989361133386795
0.6895784889075413,0.33133133133133136,0.9896284415931569
0.6918105881894019,0.3372122122122122,0.9898957497995189
0.6940574433503607,0.3433433433433433,0.990056134723336
0.6965310086428425,0.3492242242242242,0.9903769045709703
0.6992855879018739,0.3554804804804805,0.9904838278535151
0.7013328931777242,0.36123623623623624,0.9908045977011494
0.7038375725479328,0.3674924924924925,0.9909115209836942
0.7061953809046327,0.37374874874874875,0.991018444266239
0.7083901827524279,0.38013013013013014,0.9911253675487838
0.7105074484666726,0.3861361361361361,0.9913392141138733
0.7124188511790686,0.39264264264264265,0.9913392141138733
0.714285172732692,0.3988988988988989,0.9914461373964181
0.7165096537168354,0.40540540540540543,0.9914995990376905
0.7181916180522564,0.4119119119119119,0.9914995990376905
0.7203989690496061,0.4184184184184184,0.9914995990376905
0.7227818302672531,0.4244244244244244,0.99171344560278
0.7245565790550117,0.4305555555555556,0.9919272921678696
0.7265788831787936,0.4369369369369369,0.991980753809142
0.7282362306407484,0.4433183183183183,0.9920342154504144
0.7299334757534707,0.4494494494494494,0.9921946003742315
0.7314513705362254,0.4560810810810811,0.9921946003742315
0.7329167984153022,0.46233733733733734,0.9923015236567763
0.7348498570991052,0.4685935935935936,0.9924084469393211
0.7364231718056921,0.47484984984984985,0.9925153702218658
0.7386282800416735,0.4811061061061061,0.992675755145683
0.7403280137576548,0.48711211211211214,0.9928896017107726
0.7420327783175817,0.4934934934934935,0.9929430633520449
0.7436168516524723,0.49962462462462465,0.993103448275862
0.7455046201028852,0.5061311311311312,0.9931569099171345
0.7470780064082478,0.5122622622622622,0.9933172948409517
0.7486689388812355,0.5182682682682682,0.9935311414060412
0.7500849232453555,0.5242742742742743,0.9937449879711308
0.7515812659958429,0.5307807807807807,0.993798449612403
0.753409666202598,0.5370370370370371,0.9939053728949478
0.7546646439668553,0.5434184184184184,0.9939588345362202
0.7559740081867679,0.5495495495495496,0.9941192194600375
0.7571454728798465,0.5556806806806807,0.9943330660251269
0.7585775834237193,0.5620620620620621,0.9943865276663993
0.7598805063291182,0.5681931931931932,0.9945469125902165
0.7610418673644812,0.5740740740740741,0.9948142207965784
0.7625330213931487,0.58008008008008,0.995028067361668
0.7639735708988002,0.5865865865865866,0.9950815290029403
0.7650439490195104,0.5928428428428428,0.9951884522854851
0.7666216257951216,0.5993493493493494,0.9951884522854851
0.7678107486089535,0.6056056056056056,0.9952953755680299
0.7696588737388418,0.611986986986987,0.9954022988505747
0.7710155712475081,0.6182432432432432,0.9955092221331194
0.7723015027305223,0.6246246246246246,0.9955626837743918
0.7736153405218819,0.6311311311311312,0.9955626837743918
0.7750019134245493,0.6376376376376376,0.9956161454156642
0.7763154716817774,0.6438938938938938,0.995723068698209
0.7778145106226249,0.6504004004004004,0.995723068698209
0.7791156789773338,0.6566566566566566,0.9958299919807538
0.7804240581920623,0.6632882882882883,0.9958299919807538
0.782040264261835,0.6697947947947948,0.9958299919807538
0.7833058854787195,0.6761761761761762,0.9958834536220262
0.784507483290052,0.6824324324324325,0.9959903769045709
0.786026374459738,0.688938938938939,0.9960438385458433
0.7876676085757743,0.6951951951951952,0.9961507618283881
0.7893900539144959,0.7015765765765766,0.9962042234696605
0.7907695839377383,0.7079579579579579,0.9962576851109329
0.7922699532025512,0.7142142142142142,0.99641807003475
0.7936398119283575,0.7205955955955956,0.9964715316760224
0.7953467526181955,0.7271021021021021,0.9964715316760224
0.7968739801545104,0.7333583583583584,0.9965784549585672
0.7984182925434802,0.7397397397397397,0.996685378241112
0.7999316356269434,0.7462462462462462,0.996685378241112
0.8016920658492671,0.7526276276276276,0.9967388398823844
0.8031312794469792,0.7591341341341341,0.9967388398823844
0.8046080076471571,0.7656406406406406,0.9967923015236567
0.8066419158051754,0.7717717717717718,0.9969526864474739
0.8082413652239586,0.7782782782782782,0.9969526864474739
0.8095375898148789,0.7845345345345346,0.9970596097300187
0.8112073866881455,0.7906656656656657,0.9972199946538358
0.8129951482532338,0.7971721721721722,0.9972734562951082
0.8144713760706855,0.8033033033033034,0.9974338412189254
0.8167214813762563,0.8095595595595596,0.9975407645014702
0.8184914977726563,0.8159409409409409,0.9975942261427426
0.8204360584411278,0.8224474474474475,0.9976476877840149
0.8222980593678317,0.8288288288288288,0.9977011494252873
0.8243863038803888,0.8352102102102102,0.9977546110665597
0.8264065227032525,0.8414664664664665,0.9978615343491045
0.8283287350636244,0.8477227227227228,0.9980219192729217
0.8301441864400173,0.8538538538538538,0.9981823041967388
0.8323871800419901,0.8602352352352353,0.9982357658380112
0.8346095274458906,0.8667417417417418,0.9982357658380112
0.8366766053841636,0.8727477477477478,0.9985030740443731
0.8389754904440179,0.8791291291291291,0.9985565356856455
0.8412597479899626,0.8856356356356356,0.9985565356856455
0.8440021656731035,0.8921421421421422,0.9985565356856455
0.8466399300576073,0.8986486486486487,0.9986099973269179
0.8490577003827506,0.90503003003003,0.9986634589681903
0.8510315522353278,0.9111611611611612,0.9988238438920075
0.8535222912643385,0.9176676676676677,0.9988238438920075
0.856489825160864,0.924049049049049,0.9989307671745522
0.8598241776830108,0.9301801801801802,0.9990911520983694
0.862831626759272,0.9365615615615616,0.9991446137396418
0.8668628453942702,0.9429429429429429,0.9991980753809142
0.8709411539979184,0.9494494494494494,0.9992515370221866
0.8743807819654151,0.9553303303303303,0.9995188452285485
0.8795700796803059,0.9617117117117117,0.9995723068698209
0.8854059467844649,0.9679679679679679,0.9996792301523657
0.8908936021017186,0.9743493493493494,0.9997861534349104
0.897487808871391,0.9807307307307307,0.9998396150761828
0.9066884362138611,0.9872372372372372,0.9998396150761828
0.9224953225003776,0.9936186186186187,0.9998930767174552
0.9763755470043798,1.0,1.0
inf,1.0,1.0
