attack,drift,offset,eta,n_generated,n_excluded_early_crossing,n_retained,n_positive,n_negative
0.05,0.005,-0.008,0.07923684210526316,200,0,200,4,196
0.05,0.005,-0.004,0.08323684210526315,200,2,198,134,64
0.05,0.005,-0.002,0.08523684210526315,200,5,195,192,3
0.05,0.005,0.0,0.08723684210526315,200,39,161,161,0
0.05,0.005,0.002,0.08923684210526316,200,117,83,83,0
0.05,0.005,0.004,0.09123684210526316,200,186,14,14,0
0.05,0.005,0.008,0.09523684210526315,200,200,0,0,0
0.1,0.005,-0.008,0.07641176470588235,200,0,200,3,197
0.1,0.005,-0.004,0.08041176470588234,200,2,198,129,69
0.1,0.005,-0.002,0.08241176470588234,200,9,191,189,2
0.1,0.005,0.0,0.08441176470588234,200,35,165,165,0
0.1,0.005,0.002,0.08641176470588234,200,104,96,96,0
0.1,0.005,0.004,0.08841176470588234,200,185,15,15,0
0.1,0.005,0.008,0.09241176470588233,200,200,0,0,0
0.15,0.005,-0.008,0.07404545454545453,200,0,200,6,194
0.15,0.005,-0.004,0.07804545454545453,200,1,199,157,42
0.15,0.005,-0.002,0.08004545454545453,200,10,190,190,0
0.15,0.005,0.0,0.08204545454545453,200,43,157,157,0
0.15,0.005,0.002,0.08404545454545453,200,136,64,64,0
0.15,0.005,0.004,0.08604545454545454,200,194,6,6,0
0.15,0.005,0.008,0.09004545454545454,200,200,0,0,0
0.2,0.005,-0.008,0.07092045454545454,200,0,200,6,194
0.2,0.005,-0.004,0.07492045454545454,200,2,198,137,61
0.2,0.005,-0.002,0.07692045454545454,200,6,194,193,1
0.2,0.005,0.0,0.07892045454545454,200,38,162,162,0
0.2,0.005,0.002,0.08092045454545455,200,122,78,78,0
0.2,0.005,0.004,0.08292045454545455,200,191,9,9,0
0.2,0.005,0.008,0.08692045454545455,200,200,0,0,0
0.25,0.005,-0.008,0.06835135135135134,200,0,200,6,194
0.25,0.005,-0.004,0.07235135135135135,200,2,198,141,57
0.25,0.005,-0.002,0.07435135135135135,200,9,191,190,1
0.25,0.005,0.0,0.07635135135135135,200,37,163,163,0
0.25,0.005,0.002,0.07835135135135135,200,136,64,64,0
0.25,0.005,0.004,0.08035135135135135,200,190,10,10,0
0.25,0.005,0.008,0.08435135135135136,200,200,0,0,0
0.3,0.005,-0.008,0.06558108108108107,200,0,200,7,193
0.3,0.005,-0.004,0.06958108108108108,200,1,199,151,48
0.3,0.005,-0.002,0.07158108108108108,200,12,188,187,1
0.3,0.005,0.0,0.07358108108108108,200,46,154,154,0
0.3,0.005,0.002,0.07558108108108108,200,125,75,75,0
0.3,0.005,0.004,0.07758108108108108,200,194,6,6,0
0.3,0.005,0.008,0.08158108108108109,200,200,0,0,0
0.35,0.005,-0.008,0.06291911764705882,200,0,200,11,189
0.35,0.005,-0.004,0.06691911764705881,200,2,198,172,26
0.35,0.005,-0.002,0.06891911764705881,200,14,186,185,1
0.35,0.005,0.0,0.07091911764705881,200,67,133,133,0
0.35,0.005,0.002,0.07291911764705881,200,123,77,77,0
0.35,0.005,0.004,0.07491911764705882,200,189,11,11,0
0.35,0.005,0.008,0.0789191176470588,200,200,0,0,0
0.4,0.005,-0.008,0.05938095238095239,200,0,200,6,194
0.4,0.005,-0.004,0.06338095238095239,200,1,199,127,72
0.4,0.005,-0.002,0.06538095238095239,200,7,193,188,5
0.4,0.005,0.0,0.06738095238095239,200,31,169,169,0
0.4,0.005,0.002,0.06938095238095239,200,100,100,100,0
0.4,0.005,0.004,0.07138095238095239,200,185,15,15,0
0.4,0.005,0.008,0.07538095238095238,200,200,0,0,0
0.05,0.01,-0.008,0.0736304347826087,200,0,200,3,197
0.05,0.01,-0.004,0.07763043478260868,200,0,200,122,78
0.05,0.01,-0.002,0.07963043478260869,200,7,193,190,3
0.05,0.01,0.0,0.08163043478260869,200,33,167,167,0
0.05,0.01,0.002,0.08363043478260869,200,119,81,81,0
0.05,0.01,0.004,0.08563043478260869,200,189,11,11,0
0.05,0.01,0.008,0.08963043478260868,200,200,0,0,0
0.1,0.01,-0.008,0.07102439024390245,200,0,200,5,195
0.1,0.01,-0.004,0.07502439024390244,200,1,199,130,69
0.1,0.01,-0.002,0.07702439024390244,200,10,190,190,0
0.1,0.01,0.0,0.07902439024390244,200,35,165,165,0
0.1,0.01,0.002,0.08102439024390244,200,112,88,88,0
0.1,0.01,0.004,0.08302439024390244,200,190,10,10,0
0.1,0.01,0.008,0.08702439024390243,200,200,0,0,0
0.15,0.01,-0.008,0.06826923076923078,200,0,200,3,197
0.15,0.01,-0.004,0.07226923076923077,200,2,198,159,39
0.15,0.01,-0.002,0.07426923076923077,200,4,196,195,1
0.15,0.01,0.0,0.07626923076923077,200,56,144,144,0
0.15,0.01,0.002,0.07826923076923077,200,118,82,82,0
0.15,0.01,0.004,0.08026923076923077,200,189,11,11,0
0.15,0.01,0.008,0.08426923076923076,200,200,0,0,0
0.2,0.01,-0.008,0.06535227272727273,200,0,200,4,196
0.2,0.01,-0.004,0.06935227272727272,200,2,198,140,58
0.2,0.01,-0.002,0.07135227272727272,200,14,186,185,1
0.2,0.01,0.0,0.07335227272727272,200,37,163,163,0
0.2,0.01,0.002,0.07535227272727273,200,122,78,78,0
0.2,0.01,0.004,0.07735227272727273,200,192,8,8,0
0.2,0.01,0.008,0.08135227272727272,200,200,0,0,0
0.25,0.01,-0.008,0.06290909090909091,200,0,200,10,190
0.25,0.01,-0.004,0.0669090909090909,200,3,197,158,39
0.25,0.01,-0.002,0.0689090909090909,200,11,189,189,0
0.25,0.01,0.0,0.07090909090909091,200,58,142,142,0
0.25,0.01,0.002,0.07290909090909091,200,136,64,64,0
0.25,0.01,0.004,0.07490909090909091,200,192,8,8,0
0.25,0.01,0.008,0.0789090909090909,200,200,0,0,0
0.3,0.01,-0.008,0.05986666666666667,200,0,200,7,193
0.3,0.01,-0.004,0.06386666666666667,200,1,199,138,61
0.3,0.01,-0.002,0.06586666666666667,200,8,192,189,3
0.3,0.01,0.0,0.06786666666666667,200,41,159,159,0
0.3,0.01,0.002,0.06986666666666667,200,127,73,73,0
0.3,0.01,0.004,0.07186666666666668,200,186,14,14,0
0.3,0.01,0.008,0.07586666666666667,200,200,0,0,0
0.35,0.01,-0.008,0.05676063829787235,200,0,200,3,197
0.35,0.01,-0.004,0.060760638297872344,200,2,198,135,63
0.35,0.01,-0.002,0.06276063829787235,200,5,195,192,3
0.35,0.01,0.0,0.06476063829787235,200,40,160,160,0
0.35,0.01,0.002,0.06676063829787235,200,122,78,78,0
0.35,0.01,0.004,0.06876063829787235,200,180,20,20,0
0.35,0.01,0.008,0.07276063829787235,200,200,0,0,0
0.4,0.01,-0.008,0.05421014492753623,200,0,200,8,192
0.4,0.01,-0.004,0.058210144927536234,200,1,199,146,53
0.4,0.01,-0.002,0.06021014492753623,200,7,193,191,2
0.4,0.01,0.0,0.06221014492753623,200,57,143,143,0
0.4,0.01,0.002,0.06421014492753623,200,119,81,81,0
0.4,0.01,0.004,0.06621014492753623,200,186,14,14,0
0.4,0.01,0.008,0.07021014492753623,200,200,0,0,0
0.05,0.02,-0.008,0.06247297297297296,200,0,200,6,194
0.05,0.02,-0.004,0.06647297297297296,200,0,200,142,58
0.05,0.02,-0.002,0.06847297297297296,200,5,195,192,3
0.05,0.02,0.0,0.07047297297297296,200,36,164,164,0
0.05,0.02,0.002,0.07247297297297296,200,113,87,87,0
0.05,0.02,0.004,0.07447297297297296,200,189,11,11,0
0.05,0.02,0.008,0.07847297297297295,200,200,0,0,0
0.1,0.02,-0.008,0.05986666666666667,200,0,200,3,197
0.1,0.02,-0.004,0.06386666666666667,200,0,200,155,45
0.1,0.02,-0.002,0.06586666666666667,200,7,193,191,2
0.1,0.02,0.0,0.06786666666666667,200,31,169,169,0
0.1,0.02,0.002,0.06986666666666667,200,119,81,81,0
0.1,0.02,0.004,0.07186666666666668,200,192,8,8,0
0.1,0.02,0.008,0.07586666666666667,200,200,0,0,0
0.15,0.02,-0.008,0.05720114942528736,200,0,200,10,190
0.15,0.02,-0.004,0.06120114942528736,200,0,200,155,45
0.15,0.02,-0.002,0.06320114942528736,200,6,194,191,3
0.15,0.02,0.0,0.06520114942528736,200,50,150,150,0
0.15,0.02,0.002,0.06720114942528736,200,131,69,69,0
0.15,0.02,0.004,0.06920114942528736,200,196,4,4,0
0.15,0.02,0.008,0.07320114942528735,200,200,0,0,0
0.2,0.02,-0.008,0.05399275362318841,200,0,200,3,197
0.2,0.02,-0.004,0.05799275362318841,200,1,199,135,64
0.2,0.02,-0.002,0.059992753623188406,200,7,193,190,3
0.2,0.02,0.0,0.06199275362318841,200,31,169,169,0
0.2,0.02,0.002,0.0639927536231884,200,110,90,90,0
0.2,0.02,0.004,0.0659927536231884,200,183,17,17,0
0.2,0.02,0.008,0.06999275362318841,200,200,0,0,0
0.25,0.02,-0.008,0.05160000000000001,200,0,200,8,192
0.25,0.02,-0.004,0.05560000000000001,200,0,200,150,50
0.25,0.02,-0.002,0.057600000000000005,200,8,192,192,0
0.25,0.02,0.0,0.05960000000000001,200,50,150,150,0
0.25,0.02,0.002,0.06160000000000001,200,126,74,74,0
0.25,0.02,0.004,0.0636,200,189,11,11,0
0.25,0.02,0.008,0.06760000000000001,200,200,0,0,0
0.3,0.02,-0.008,0.04882692307692308,200,0,200,5,195
0.3,0.02,-0.004,0.05282692307692308,200,0,200,153,47
0.3,0.02,-0.002,0.05482692307692308,200,14,186,183,3
0.3,0.02,0.0,0.05682692307692308,200,38,162,162,0
0.3,0.02,0.002,0.05882692307692308,200,124,76,76,0
0.3,0.02,0.004,0.060826923076923084,200,192,8,8,0
0.3,0.02,0.008,0.06482692307692309,200,200,0,0,0
0.35,0.02,-0.008,0.04621875,200,0,200,9,191
0.35,0.02,-0.004,0.050218750000000006,200,0,200,166,34
0.35,0.02,-0.002,0.05221875,200,12,188,188,0
0.35,0.02,0.0,0.05421875,200,55,145,145,0
0.35,0.02,0.002,0.056218750000000005,200,143,57,57,0
0.35,0.02,0.004,0.05821875,200,195,5,5,0
0.35,0.02,0.008,0.06221875,200,200,0,0,0
0.4,0.02,-0.008,0.04303174603174603,200,0,200,5,195
0.4,0.02,-0.004,0.047031746031746036,200,1,199,131,68
0.4,0.02,-0.002,0.04903174603174603,200,7,193,191,2
0.4,0.02,0.0,0.05103174603174603,200,45,155,155,0
0.4,0.02,0.002,0.053031746031746034,200,114,86,86,0
0.4,0.02,0.004,0.05503174603174603,200,189,11,11,0
0.4,0.02,0.008,0.05903174603174603,200,200,0,0,0
0.05,0.03,-0.008,0.05135810810810811,200,0,200,7,193
0.05,0.03,-0.004,0.05535810810810811,200,0,200,138,62
0.05,0.03,-0.002,0.05735810810810811,200,13,187,184,3
0.05,0.03,0.0,0.05935810810810811,200,37,163,163,0
0.05,0.03,0.002,0.061358108108108114,200,118,82,82,0
0.05,0.03,0.004,0.06335810810810812,200,188,12,12,0
0.05,0.03,0.008,0.0673581081081081,200,200,0,0,0
0.1,0.03,-0.008,0.04860958904109589,200,0,200,3,197
0.1,0.03,-0.004,0.05260958904109589,200,1,199,144,55
0.1,0.03,-0.002,0.05460958904109589,200,9,191,188,3
0.1,0.03,0.0,0.05660958904109589,200,44,156,156,0
0.1,0.03,0.002,0.058609589041095894,200,117,83,83,0
0.1,0.03,0.004,0.060609589041095896,200,190,10,10,0
0.1,0.03,0.008,0.0646095890410959,200,200,0,0,0
0.15,0.03,-0.008,0.04605263157894737,200,0,200,7,193
0.15,0.03,-0.004,0.050052631578947376,200,0,200,132,68
0.15,0.03,-0.002,0.05205263157894737,200,9,191,190,1
0.15,0.03,0.0,0.05405263157894737,200,40,160,160,0
0.15,0.03,0.002,0.056052631578947375,200,138,62,62,0
0.15,0.03,0.004,0.05805263157894737,200,188,12,12,0
0.15,0.03,0.008,0.06205263157894737,200,200,0,0,0
0.2,0.03,-0.008,0.043105263157894744,200,0,200,4,196
0.2,0.03,-0.004,0.04710526315789475,200,1,199,142,57
0.2,0.03,-0.002,0.04910526315789474,200,9,191,188,3
0.2,0.03,0.0,0.051105263157894744,200,38,162,162,0
0.2,0.03,0.002,0.053105263157894746,200,119,81,81,0
0.2,0.03,0.004,0.05510526315789474,200,183,17,17,0
0.2,0.03,0.008,0.059105263157894744,200,200,0,0,0
0.25,0.03,-0.008,0.04051973684210526,200,0,200,10,190
0.25,0.03,-0.004,0.044519736842105265,200,0,200,162,38
0.25,0.03,-0.002,0.04651973684210526,200,11,189,189,0
0.25,0.03,0.0,0.04851973684210526,200,57,143,143,0
0.25,0.03,0.002,0.05051973684210526,200,142,58,58,0
0.25,0.03,0.004,0.05251973684210526,200,192,8,8,0
0.25,0.03,0.008,0.05651973684210526,200,200,0,0,0
0.3,0.03,-0.008,0.03767073170731708,200,0,200,5,195
0.3,0.03,-0.004,0.04167073170731708,200,0,200,153,47
0.3,0.03,-0.002,0.04367073170731708,200,7,193,193,0
0.3,0.03,0.0,0.04567073170731708,200,46,154,154,0
0.3,0.03,0.002,0.04767073170731708,200,139,61,61,0
0.3,0.03,0.004,0.049670731707317076,200,190,10,10,0
0.3,0.03,0.008,0.05367073170731708,200,200,0,0,0
0.35,0.03,-0.008,0.03490625000000001,200,0,200,9,191
0.35,0.03,-0.004,0.03890625,200,1,199,151,48
0.35,0.03,-0.002,0.040906250000000005,200,9,191,191,0
0.35,0.03,0.0,0.04290625000000001,200,51,149,149,0
0.35,0.03,0.002,0.04490625000000001,200,124,76,76,0
0.35,0.03,0.004,0.04690625000000001,200,190,10,10,0
0.35,0.03,0.008,0.05090625000000001,200,200,0,0,0
0.4,0.03,-0.008,0.032136986301369866,200,0,200,4,196
0.4,0.03,-0.004,0.03613698630136987,200,1,199,155,44
0.4,0.03,-0.002,0.038136986301369864,200,12,188,188,0
0.4,0.03,0.0,0.040136986301369866,200,45,155,155,0
0.4,0.03,0.002,0.04213698630136987,200,132,68,68,0
0.4,0.03,0.004,0.04413698630136986,200,191,9,9,0
0.4,0.03,0.008,0.048136986301369866,200,200,0,0,0
